{
    "$schema": "https://titan.apimatic.io/api/build/schema",
    "buildFileVersion": "1",
    "generatePortal": {
        "tailIncludes":"<script defer src='./static/guided-walkthrough-scripts/SelfServiceBillingPortal.js'></script><script defer src='./static/guided-walkthrough-scripts/SiteActivityTracking.js'></script><script defer src='./static/guided-walkthrough-scripts/SubscriptionManagement.js'></script><script>document.addEventListener('DOMContentLoaded', (event) => {APIMaticDevPortal.ready(({ registerWorkflow }) => {registerWorkflow( 'page:AccessToSelfServiceBillingPortal/guided-walkthroughs/walkthrough-1', 'Billing Walkthrough',SelfServiceBillingPortal); registerWorkflow( 'page:SiteActivityTracking/guided-walkthroughs/walkthrough-1', 'Site Tracking Walkthrough',SiteActivityTracking); registerWorkflow( 'page:SubscriptionManagement/guided-walkthroughs/walkthrough-1', 'Subscription Management Walkthrough',SubscriptionManagment); });});</script>",
        "debug": {
            "publishReport": true
        },
        "pageTitle": "Docs",
        "navTitle": "Maxio Advanced Billing formerly Chargify Developer Portal",
        "faviconUrl": "static/images/favicon.png",
        "logoUrl": "static/images/maxio-logo-black.svg",
        "logoLink": "https://developers.maxio.com/",
        "languageConfig": {
            "http": {},
            "java": {
                "packageRepository": "Maven",
                "packageSettings": {
                    "GroupId": "com.apimatic",
                    "PackageName": "sample-sdk-artifact-id",
                    "Version": "1.0.0"
                }
            },
            "csharp": {},
            "typescript": {},
            "php": {},
            "python": {},
            "ruby": {}
        },
        "headIncludes": "  <link href=\"https:\\/\\/fonts.googleapis.com\\/css?family=Open+Sans:300,300i,400,400i,600,600i,700,700i,800,800i&display=swap\" rel=\"stylesheet\">",
        "portalSettings": {
            "useProxyForConsoleCalls":true,
            "themeOverrides": {
                "themeType": "cool",
                "palette": {
                    "primaryColor": "#94C13D"
                }
            },
            "enableExport": false,
            "enableConsoleCalls": true
        }
    }
}
